<?xml version="1.0"?>
<doc>
    <assembly>
        <name>UrlMatcher</name>
    </assembly>
    <members>
        <member name="T:UrlMatcher.Matcher">
            <summary>
            URL matcher.
            </summary>
        </member>
        <member name="F:UrlMatcher.Matcher.Logger">
            <summary>
            Method to invoke to send log messages.
            It's really boring, but if you want to see it, assign Console.WriteLine to it.
            </summary>
        </member>
        <member name="M:UrlMatcher.Matcher.#ctor">
            <summary>
            Instantiate the object.
            </summary>
        </member>
        <member name="M:UrlMatcher.Matcher.Match(System.String,System.String,System.Collections.Generic.Dictionary{System.String,System.String}@)">
            <summary>
            Match a URL against a pattern.
            For example, match URL /v1.0/something/else/32 against pattern /{v}/something/else/{id}.
            If a match exists, vals will contain keys name 'v' and 'id', and the associated values from the supplied URL.
            </summary>
            <param name="url">The URL to evaluate.</param>
            <param name="pattern">The pattern used to evaluate the URL.</param>
            <param name="vals">Dictionary containing keys and values.</param>
            <returns>True if matched.</returns>
        </member>
    </members>
</doc>
